timestamp,user_id,age,gender,drink,maths_background,family_influence,score,average_time,score1,score2,score3,score4,score5,score6,score7,score8,score9,score10,score11,score12,score13,score14,score15,score16,score17,score18,score19,score20,score21,score22,score23,score24,score25,score26,score27,score28,score29,score30,sum_first_10,sum_second_10,sum_last_10
2023-11-25 下午01:18:41,RTDS,19,female,c,,,67,0.9116432905,1,1,1,1,1,1,0,1,0,1,1,0,1,0,0,1,1,0,0,0,0,1,1,0,1,1,1,1,1,1,8,4,8
2023-11-26 下午08:42:39,CAJA,20,female,a,,,63,0.8573550781,0,1,1,1,1,1,1,1,1,1,1,1,1,0,1,0,0,0,1,1,0,1,0,0,0,0,0,1,1,1,9,6,4
2023-11-27 下午03:02:59,klpb,18,male,c,,,77,0.9260814428,1,1,1,1,1,1,1,1,1,1,1,1,0,0,1,0,1,0,1,0,0,1,1,1,1,1,1,1,0,1,10,5,8
2023-11-27 下午03:03:45,vgat,21,female,a,low,no,73,1.152688114,1,1,1,1,1,1,1,1,1,1,1,1,0,0,1,1,1,1,1,0,0,1,1,1,0,0,0,1,0,1,10,7,5
2023-11-27 下午03:10:34,YKJL,21,female,c,low,yes,87,1.215797941,1,1,1,0,1,1,1,1,1,1,1,1,1,0,1,1,1,1,1,1,1,1,1,0,1,1,1,1,1,0,9,9,8
2023-11-27 下午03:16:45,MCHC,19,male,a,low,yes,67,1.262874357,1,1,1,0,1,0,0,1,1,1,1,1,0,0,0,0,0,0,1,0,1,1,1,1,1,1,1,1,1,1,7,3,10
2023-11-27 下午03:32:31,KYJS,19,female,a,,,90,0.8363329967,1,1,1,1,1,1,1,1,1,1,1,1,1,0,1,1,1,1,0,1,1,1,1,0,1,1,1,1,1,1,10,8,9
2023-11-27 下午03:38:12,CYNT,20,female,c,,,90,0.9209822019,1,1,1,1,1,1,1,1,1,1,1,1,1,0,1,1,1,1,1,1,0,1,1,0,1,1,1,1,1,1,10,9,8
2023-11-27 下午03:39:42,YCBH,20,female,c,low,no,90,1.21347568,1,1,1,1,1,1,1,1,1,1,1,1,1,0,1,1,1,1,0,0,1,1,1,1,1,1,1,1,1,1,10,7,10
2023-11-27 下午03:55:08,CTCT,21,female,c,low,no,63,0.9425799608,1,1,1,0,1,1,0,1,1,1,1,1,1,0,1,1,1,0,0,1,0,0,1,0,0,1,0,1,0,1,8,7,4
2023-11-27 下午04:34:33,LQEG,20,female,c,,,77,1.224079585,0,1,0,1,0,1,1,1,1,1,1,0,1,1,1,1,1,0,1,1,1,1,1,0,1,1,0,1,1,1,7,8,8
2023-12-4 下午03:22:49,DATO,28,male,c,,,83,1.022253362,0,1,1,1,1,1,0,1,1,1,1,1,1,1,1,1,1,1,1,1,1,1,1,0,0,1,1,1,0,1,8,10,7
2023-12-4 下午03:29:47,FZHF,19,male,c,low,no,80,1.027113318,1,1,1,1,1,0,1,1,1,1,1,1,0,0,1,0,1,0,1,1,1,1,0,1,1,1,1,1,1,1,9,6,9
2023-12-4 下午03:33:51,RYJC,19,male,a,,,87,1.225382964,1,1,1,1,1,1,1,1,1,1,1,1,1,0,1,1,0,0,1,1,1,1,1,1,1,1,1,1,0,1,10,7,9
2023-12-4 下午04:37:47,RHJM,20,male,c,high,yes,83,1.27345554,1,1,0,1,1,0,1,1,1,1,1,1,0,0,1,1,1,1,1,1,1,1,0,1,1,1,1,1,1,1,8,8,9
2023-12-4 下午04:56:37,HAHA,20,male,c,low,yes,83,0.7811654965,1,1,1,1,1,0,1,1,1,1,1,1,1,0,1,1,1,1,0,1,1,1,1,1,1,0,1,1,1,0,9,8,8
2023-12-4 下午04:59:13,ARKK,21,male,a,,,80,1.078669214,0,0,1,1,1,1,1,1,1,1,1,1,0,1,1,1,0,0,0,1,1,1,1,1,1,1,1,1,1,1,8,6,10
2023-12-4 下午05:12:39,JCBC,19,male,a,low ,yes,83,0.8237201611,0,1,1,1,1,1,1,1,1,1,1,1,0,0,1,1,0,1,1,0,1,1,1,1,1,1,1,1,1,1,9,6,10
2023-12-4 下午05:41:39,FWNO,20,male,a,low,no,73,1.191106598,0,0,1,1,1,0,1,1,1,1,1,1,0,0,1,1,1,0,0,1,1,1,1,0,1,1,1,1,1,1,7,6,9
2023-12-4 下午05:42:06,skhj,19,female,c,low,yes,77,1.515325403,0,0,0,1,0,1,1,1,1,1,1,1,1,0,1,1,1,1,1,1,0,1,1,0,1,1,1,1,1,1,6,9,8
2023-12-4 下午05:50:04,ABAB,20,male,c,low,yes,83,0.8021636804,1,1,1,1,1,0,0,1,1,1,1,1,0,1,1,1,1,1,1,0,1,1,1,1,1,0,1,1,1,1,8,8,9
2023-12-4 下午06:26:04,wwww,18,female,c,low,yes,77,1.535741409,0,0,1,1,1,1,1,1,1,1,1,1,0,0,1,1,1,1,1,1,0,1,1,0,1,0,1,1,1,1,8,8,7
2023-12-4 下午06:53:34,kkxx,20,male,c,high,yes,67,1.781928047,0,1,0,0,1,1,1,1,1,1,1,1,0,0,0,0,1,1,1,0,1,1,1,1,1,1,0,1,0,1,7,5,8
2023-12-4 下午07:19:13,CNDB,18,male,c,high,no,53,1.445826793,0,0,1,1,1,1,0,1,1,1,0,1,0,0,0,0,0,0,1,1,0,1,1,0,0,1,0,1,1,1,7,3,6
2023-12-4 下午10:25:36,fgfg Andrew W,20,male,c,low,no,57,0.7986312389,0,1,1,1,1,0,0,0,0,1,0,0,1,1,1,1,1,1,0,1,0,0,0,1,1,1,1,0,1,0,5,7,5
2023-12-5 上午12:55:30,CJTY,21,male,c,high,no,57,1.940462271,0,0,1,1,0,1,1,1,1,0,1,0,1,1,1,1,1,1,0,0,1,1,1,0,0,0,1,0,0,0,6,7,4
2023-12-5 上午06:43:35,TRLO,20,male,c,high,no,47,1.84366227,0,0,0,0,1,1,1,1,1,1,1,0,0,1,1,0,1,0,1,0,0,0,1,0,0,1,1,0,0,0,6,5,3
2023-12-5 下午02:42:15,XTTR,21,male,c,high,no,60,1.770986438,0,0,1,1,0,1,1,1,0,1,1,1,0,0,1,0,1,0,0,0,1,1,1,0,1,1,1,0,1,1,6,4,8
2023-12-5 下午11:40:36,jcpb,19,male,c,,,30,2.949527168,1,0,1,1,1,1,1,1,1,1,0,0,0,0,0,0,0,0,0,0,0,0,0,0,0,0,0,0,0,0,9,0,0
2023-12-6 上午11:13:00,CLTC,21,male,a,yes,high,77,1.023444295,1,1,1,0,1,1,1,1,0,1,1,1,1,0,0,0,0,1,1,1,1,1,0,1,1,1,1,1,1,1,8,6,9
2023-12-6 下午01:14:35,YXTH,21,female ,c,low,yes,63,1.907519261,1,1,1,1,1,1,1,1,0,1,1,1,1,0,1,0,0,0,0,0,1,0,1,0,1,1,0,0,1,1,9,4,6
2023-12-6 下午07:12:57,bwha,23,male,c,high,no,50,2.041833274,0,1,1,1,1,0,1,0,1,1,0,1,0,0,1,0,1,1,1,1,0,0,0,1,0,0,0,0,0,1,7,6,2
2023-12-6 下午07:40:25,SWRA,19,male,c,,,77,1.076991081,1,0,1,1,1,1,1,1,1,0,1,1,1,0,1,0,1,0,0,0,1,1,1,1,1,1,1,1,1,1,8,5,10
2023-12-6 下午10:57:30,abcd runqi,23,female,a,high,no,83,0.729310902,1,1,1,1,1,1,1,1,0,1,1,1,1,0,1,1,1,0,0,1,1,1,0,1,1,1,1,1,1,1,9,7,9
2023-12-7 上午12:01:13,JUVE,20,male,c,low,no,83,1.017284028,1,1,1,1,1,1,1,1,1,1,1,1,0,0,0,1,1,1,0,1,1,1,1,1,1,1,1,0,1,1,10,6,9
2023-12-7 上午08:35:41,xied,20,male,c,high,yes,87,0.884942317,1,1,0,0,1,1,1,1,1,1,1,1,1,0,1,0,1,1,1,1,1,1,1,1,1,1,1,1,1,1,8,8,10
2023-12-7 上午08:37:28,WYCM,25,female,c,low,no,67,1.649546409,0,0,1,1,1,0,1,0,1,0,1,1,1,1,1,1,1,0,0,0,1,0,1,1,1,1,1,0,1,1,5,7,8
2023-12-7 上午10:25:19,DXTC,20,female,c,low,no,63,1.778295159,0,0,1,1,1,1,1,1,0,1,1,1,1,0,1,1,0,1,0,0,1,0,1,0,1,1,1,1,0,0,7,6,6
2023-12-7 上午10:39:52,dsgc,44,male,c,,,50,1.462508893,1,0,1,0,1,0,1,1,1,1,1,1,1,1,1,0,1,0,1,0,0,0,1,0,0,0,0,0,0,0,7,7,1
2023-12-7 上午11:53:01,PENG,22,male,a,high,yes,80,0.7277612766,1,1,1,0,1,1,1,1,1,1,1,1,1,1,1,1,1,0,0,0,1,1,0,1,1,1,1,0,1,1,9,7,8
2023-12-7 下午02:27:38,TTTT,20,male,c,high,yes,83,1.099496635,1,1,1,0,0,1,1,0,1,1,1,1,1,0,1,1,1,1,0,1,1,1,1,1,1,1,1,1,1,1,7,8,10
2023-12-7 下午04:46:08,YAGE,20,female,c,high,yes,73,1.341892219,0,0,1,1,1,1,0,1,1,1,1,1,1,1,1,1,1,0,0,0,1,1,1,1,1,1,0,1,0,1,7,7,8
2023-12-7 下午09:27:32,Ivan,21,male,a,,,67,1.236479497,0,0,0,1,0,1,1,1,1,1,1,1,1,0,1,0,0,0,1,0,1,1,1,1,1,1,1,1,0,1,6,5,9
2023-12-8 上午12:56:16,zhou,28,female,c,high,yes,77,1.754128551,0,0,1,1,0,1,0,1,1,1,1,1,1,1,1,1,1,0,1,0,1,1,1,0,1,1,1,1,1,1,6,8,9
2023-12-8 上午09:12:54,ZQTC,54,female,c,low ,yes,63,1.721726378,0,0,1,1,1,0,1,1,1,0,1,1,1,1,1,1,1,1,1,0,0,1,1,0,0,0,0,1,0,1,6,9,4
2023-12-9 上午01:25:32,gysj,10,male,a,high,yes,83,1.798466698,0,0,1,1,1,1,1,1,1,1,1,1,1,1,1,0,0,1,1,1,0,1,1,1,1,1,1,1,1,1,8,8,9
2023-12-9 上午04:09:42,qqqq,20,male,c,high,yes,63,1.004333409,1,1,1,0,1,1,1,1,0,1,0,0,1,0,0,0,0,1,0,0,1,1,0,1,1,1,1,1,1,1,8,2,9
2023-12-9 上午08:13:52,DXEW,20,male,a,low ,no,77,0.916835316,1,1,1,0,1,1,1,1,0,1,1,1,1,0,0,1,0,1,1,1,1,1,0,1,1,1,0,1,1,1,8,7,8
2023-12-9 上午11:42:27,abcd weihcfq,13,male,a,high,no,53,2.497977471,0,0,1,1,1,1,1,1,1,1,0,1,0,0,0,1,0,0,0,0,1,0,1,0,1,0,1,1,0,1,8,2,6
2023-12-9 下午02:14:30,xdcl,55,male,b,high ,yes,63.33333333,1.525340994,0,0,1,0,1,0,0,0,0,0,1,1,0,0,1,1,1,0,1,1,1,1,1,1,1,1,1,1,1,1,2,7,10
2023-12-9 下午07:01:59,buzz,22,male,c,low ,no,40,1.581912613,1,1,0,0,0,0,0,0,0,0,1,1,0,0,0,1,1,1,1,0,1,0,1,0,0,0,0,1,1,0,2,6,4
2023-12-9 下午08:05:49,NMCF,20,male,b,,,50,1.169576708,0,0,0,0,0,0,1,0,0,0,1,1,1,0,1,0,0,1,0,1,1,1,1,1,1,1,0,1,1,0,1,6,8
2023-12-9 下午10:40:52,YODO,20,male,c,low,no,63.33333333,0.5800881386,1,1,0,0,0,0,1,1,0,0,1,1,1,0,0,0,1,0,1,0,1,1,1,1,1,1,1,1,1,1,4,5,10
2023-12-9 下午10:45:32,SWKR,19,male,c,,,50,1.024335599,1,1,0,0,0,0,0,0,0,0,1,1,1,0,0,0,1,0,1,0,1,1,0,1,1,1,1,0,1,1,2,5,8
2023-12-9 下午10:50:29,ESSG,19,female,c,low,yes,60,1.113815117,0,0,0,0,0,0,0,0,1,0,1,1,1,0,1,1,1,1,0,1,1,1,1,0,1,1,1,1,1,1,1,8,9
2023-12-9 下午10:55:54,YHWH_Angus_Chung,24,male,C,high ,no,36.66666667,1.025278775,0,0,0,0,0,0,0,0,0,0,1,1,1,0,0,0,1,0,1,0,0,1,1,0,1,1,0,1,0,1,0,5,6
2023-12-10 上午12:19:04,ZXCV,20,female,c,,,70,0.8832276662,1,1,0,1,0,0,1,0,0,0,1,0,1,1,0,0,1,1,1,1,1,1,1,1,1,1,1,1,1,1,4,7,10
2023-12-10 上午12:41:27,ZXCV,20,female,c,,,0,3.02852687,0,0,0,0,0,0,0,0,0,0,0,0,0,0,0,0,0,0,0,0,0,0,0,0,0,0,0,0,0,0,0,0,0
2023-12-10 上午04:11:39,hjj10,20,male,c,low,yes,73.33333333,1.251665084,1,1,0,0,0,0,1,0,0,1,1,1,1,1,1,1,1,1,0,1,1,1,1,1,1,1,1,1,0,1,,,
2023-12-10 上午08:13:59,JMJH,24,female,none,low,no,60,1.46914688,0,0,0,0,0,1,1,0,0,0,1,0,1,0,1,1,1,1,1,1,0,1,1,1,1,1,0,1,1,1,,,
2023-12-10 下午02:43:02,LKBA John Bail,20,male,c,low,no,50,1.464336173,0,1,0,1,0,0,0,0,0,0,1,1,1,0,1,0,0,0,1,0,1,1,1,1,1,1,1,1,0,0,,,
2023-12-10 下午07:58:12,mnbvkenny,20,male,a,,,40,2.285162012,0,0,0,0,0,1,1,0,0,0,0,1,0,0,0,0,0,0,1,0,1,1,1,0,1,1,1,1,0,1,,,
2023-12-11 上午02:31:30,sany,25,male,a,,,63.33333333,1.028463801,0,0,0,1,0,0,1,0,1,0,1,1,0,1,1,1,1,0,0,1,1,0,1,1,1,1,1,1,1,1,,,
2023-12-11 上午02:34:58,sany,25,male,a,,,60,0.7400638024,1,0,0,1,1,0,0,0,1,0,1,1,0,0,0,0,1,1,0,1,1,1,0,1,1,1,1,1,1,1,,,
2023-12-11 上午08:42:07,tlts,19,male,c,,,6.666666667,2.846544766,1,1,0,0,0,0,0,0,0,0,0,0,0,0,0,0,0,0,0,0,0,0,0,0,0,0,0,0,0,0,,,
2023-12-11 下午06:39:17,JLJC,26,M,a,,,53.33333333,0.9417294582,0,0,0,0,0,0,0,0,0,0,1,1,1,0,1,1,1,1,0,1,1,1,0,1,1,1,0,1,1,1,,,
2023-12-12 下午01:27:14,caja,20,female,a,,,6.666666667,2.811600431,1,1,0,0,0,0,0,0,0,0,0,0,0,0,0,0,0,0,0,0,0,0,0,0,0,0,0,0,0,0,,,
2023-12-12 下午03:11:07,DCKH,20,M,No,,,46.66666667,1.48164649,0,0,0,0,0,0,0,0,0,1,1,1,1,1,1,0,1,0,0,0,1,1,0,0,1,1,0,1,1,1,,,
2023-12-12 下午05:28:57,sadb,21,m,c,,,10,2.787173978,1,1,1,0,0,0,0,0,0,0,0,0,0,0,0,0,0,0,0,0,0,0,0,0,0,0,0,0,0,0,,,